{"controlador.listaEnlazada.ListaEnlazada":{"cabecera":{"info":{"@class":"modeloListas.Vendedor","id":1,"nombre":"Cristian","apellido":"AJila","ruc":"0000000000001","cedula":"0994494004"},"sig":{"info":{"@class":"modeloListas.Vendedor","id":2,"nombre":"Anderson ","apellido":"Ambuludi","ruc":"0000000000002","cedula":1150182051},"sig":{"info":{"@class":"modeloListas.Vendedor","id":3,"nombre":"Wilman ","apellido":"Morocho","ruc":"0000000000003","cedula":1150182351},"sig":{"info":{"@class":"modeloListas.Vendedor","id":4,"nombre":111,"apellido":111,"ruc":"0000000000004","cedula":1111},"sig":{"info":{"@class":"modeloListas.Vendedor","id":5,"nombre":11111,"apellido":1111,"ruc":"0000000000005","cedula":1111111},"sig":{"info":{"@class":"modeloListas.Vendedor","id":6,"nombre":"qq","apellido":"qq","ruc":"0000000000006","cedula":1}}}}}}},"ultimo":{"@reference":"..\/cabecera\/sig\/sig\/sig\/sig\/sig"},"size":6}}